{
    "dataset_shape": [
        5538,
        43
    ],
    "class_counts": {
        "0": 4615,
        "1": 923
    },
    "class_percentages": {
        "0": 0.8333333333333334,
        "1": 0.16666666666666666
    },
    "ratio_setting": "5:1 (valid:fraud)"
}